locality,address,purchase_price,num_bed,num_bath,num_parking,land_area,source_url,sale_year,source_page_url,source_checked_date
PARRAMATTA,33 Rosehill St,2080000,4,1,1.0,691.0,https://www.realestate.com.au/property/33-rosehill-st-parramatta-nsw-2150/,2026,https://www.domain.com.au/sold-listings/parramatta-nsw-2150/house/,2026-09-18
PARRAMATTA,124 Thomas Street,2300000,3,1,1.0,739.0,https://www.realestate.com.au/property/124-thomas-street-parramatta-nsw-2150/,2026,https://www.domain.com.au/sold-listings/parramatta-nsw-2150/house/,2026-09-18
PARRAMATTA,11 Pemberton Street,1610000,3,1,1.0,461.0,https://www.realestate.com.au/property/11-pemberton-street-parramatta-nsw-2150/,2026,https://www.domain.com.au/sold-listings/parramatta-nsw-2150/house/,2026-09-18
PARRAMATTA,57 Pitt Street,1310000,4,2,2.0,236.0,https://www.realestate.com.au/property/57-pitt-street-parramatta-nsw-2150/,2026,https://www.domain.com.au/sold-listings/parramatta-nsw-2150/house/,2026-09-18
PARRAMATTA,28 Marsden Street,1555000,3,1,1.0,505.0,https://www.realestate.com.au/property/28-marsden-street-parramatta-nsw-2150/,2026,https://www.domain.com.au/sold-listings/parramatta-nsw-2150/house/,2026-09-18
PARRAMATTA,13 Morton Street,1800000,4,3,2.0,461.0,https://www.realestate.com.au/property/13-morton-street-parramatta-nsw-2150/,2026,https://www.domain.com.au/sold-listings/parramatta-nsw-2150/house/,2026-09-18
PARRAMATTA,58 Crimea Street,1620000,3,2,2.0,613.0,https://www.realestate.com.au/property/58-crimea-street-parramatta-nsw-2150/,2026,https://www.domain.com.au/sold-listings/parramatta-nsw-2150/house/,2026-09-18
PARRAMATTA,25 Lansdowne Street,1500000,3,1,2.0,,https://www.realestate.com.au/property/25-lansdowne-street-parramatta-nsw-2150/,2025,https://www.domain.com.au/sold-listings/parramatta-nsw-2150/house/,2026-09-18
PARRAMATTA,114 Thomas Street,1360000,3,2,1.0,381.0,https://www.realestate.com.au/property/114-thomas-street-parramatta-nsw-2150/,2025,https://www.domain.com.au/sold-listings/parramatta-nsw-2150/house/,2026-09-18
PARRAMATTA,7A Irving Street,1680000,5,3,2.0,462.0,https://www.realestate.com.au/property/7a-irving-street-parramatta-nsw-2150/,2025,https://www.domain.com.au/sold-listings/parramatta-nsw-2150/house/,2026-09-18
PARRAMATTA,7 Trott Street,1150000,2,1,2.0,,https://www.realestate.com.au/property/7-trott-street-parramatta-nsw-2150/,2025,https://www.domain.com.au/sold-listings/parramatta-nsw-2150/house/,2026-09-18
PARRAMATTA,1 Auburn Street,1500000,3,2,1.0,717.0,https://www.realestate.com.au/property/1-auburn-street-parramatta-nsw-2150/,2025,https://www.domain.com.au/sold-listings/parramatta-nsw-2150/house/,2026-09-18
PARRAMATTA,38 Inkerman Street,2010500,3,2,4.0,698.0,https://www.realestate.com.au/property/38-inkerman-street-parramatta-nsw-2150/,2025,https://www.domain.com.au/sold-listings/parramatta-nsw-2150/house/,2026-09-18
PARRAMATTA,131A Victoria Road,1230000,3,2,2.0,343.0,https://www.realestate.com.au/property/131a-victoria-road-parramatta-nsw-2150/,2025,https://www.domain.com.au/sold-listings/parramatta-nsw-2150/house/,2026-09-18
PARRAMATTA,136 Thomas Street,2250000,5,4,2.0,,https://www.realestate.com.au/property/136-thomas-street-parramatta-nsw-2150/,2025,https://www.domain.com.au/sold-listings/parramatta-nsw-2150/house/,2026-09-18
PARRAMATTA,18 Oak Street,1850000,6,3,2.0,612.0,https://www.realestate.com.au/property/18-oak-street-parramatta-nsw-2150/,2025,https://www.domain.com.au/sold-listings/parramatta-nsw-2150/house/,2026-09-18
PARRAMATTA,41 Gore Street,1660000,3,2,1.0,449.0,https://www.realestate.com.au/property/41-gore-street-parramatta-nsw-2150/,2025,https://www.domain.com.au/sold-listings/parramatta-nsw-2150/house/,2026-09-18
PARRAMATTA,4 Alma Street,1430000,3,1,2.0,582.0,https://www.realestate.com.au/property/4-alma-street-parramatta-nsw-2150/,2025,https://www.domain.com.au/sold-listings/parramatta-nsw-2150/house/,2026-09-18
PARRAMATTA,64 Macarthur Street,2650000,3,2,1.0,1334.0,https://www.realestate.com.au/property/64-macarthur-street-parramatta-nsw-2150/,2025,https://www.domain.com.au/sold-listings/parramatta-nsw-2150/house/,2026-09-18
PARRAMATTA,8 Gould Place,1950000,3,3,2.0,467.0,https://www.realestate.com.au/property/8-gould-place-parramatta-nsw-2150/,2025,https://www.domain.com.au/sold-listings/parramatta-nsw-2150/house/,2026-09-18
PARRAMATTA,158 Railway Street,1472000,3,1,2.0,455.0,https://www.realestate.com.au/property/158-railway-street-parramatta-nsw-2150/,2025,https://www.domain.com.au/sold-listings/parramatta-nsw-2150/house/,2026-09-18
PARRAMATTA,14 Ross Street,3000000,3,3,8.0,437.0,https://www.realestate.com.au/property/14-ross-street-parramatta-nsw-2150/,2025,https://www.domain.com.au/sold-listings/parramatta-nsw-2150/house/,2026-09-18
PARRAMATTA,76 O'Connell Street,1150000,3,1,1.0,253.0,https://www.realestate.com.au/property/76-o-connell-street-parramatta-nsw-2150/,2025,https://www.domain.com.au/sold-listings/parramatta-nsw-2150/house/,2026-09-18
PARRAMATTA,6 Carrington Street,1700000,3,2,3.0,670.0,https://www.realestate.com.au/property/6-carrington-street-parramatta-nsw-2150/,2025,https://www.domain.com.au/sold-listings/parramatta-nsw-2150/house/,2026-09-18
PARRAMATTA,6 Wandsworth Street,1800000,4,1,2.0,543.7,https://www.realestate.com.au/property/6-wandsworth-street-parramatta-nsw-2150/,2025,https://www.domain.com.au/sold-listings/parramatta-nsw-2150/house/,2026-09-18
PARRAMATTA,33 Morton Street,1672000,4,2,2.0,455.0,https://www.realestate.com.au/property/33-morton-street-parramatta-nsw-2150/,2025,https://www.domain.com.au/sold-listings/parramatta-nsw-2150/house/,2026-09-18
PARRAMATTA,22 Young Street,1230000,3,1,2.0,,https://www.realestate.com.au/property/22-young-street-parramatta-nsw-2150/,2025,https://www.domain.com.au/sold-listings/parramatta-nsw-2150/house/,2026-09-18
PARRAMATTA,12 Noller Parade,2360000,6,3,2.0,560.0,https://www.realestate.com.au/property/12-noller-parade-parramatta-nsw-2150/,2025,https://www.domain.com.au/sold-listings/parramatta-nsw-2150/house/,2026-09-18
PARRAMATTA,100 Crimea Street,1200000,3,2,1.0,303.5,https://www.realestate.com.au/property/100-crimea-street-parramatta-nsw-2150/,2025,https://www.domain.com.au/sold-listings/parramatta-nsw-2150/house/,2026-09-18
PARRAMATTA,18 Glebe Street,1850000,3,1,1.0,423.7,https://www.realestate.com.au/property/18-glebe-street-parramatta-nsw-2150/,2025,https://www.domain.com.au/sold-listings/parramatta-nsw-2150/house/,2026-09-18
PARRAMATTA,51 Gore Street,1480000,3,1,1.0,461.0,https://www.realestate.com.au/property/51-gore-street-parramatta-nsw-2150/,2026,https://www.domain.com.au/sold-listings/parramatta-nsw-2150/house/,2026-09-18
PARRAMATTA,9 Carrington Street,1785000,5,3,2.0,455.0,https://www.realestate.com.au/property/9-carrington-street-parramatta-nsw-2150/,2025,https://www.domain.com.au/sold-listings/parramatta-nsw-2150/house/,2026-09-18
PARRAMATTA,71 Pitt Street,1771000,6,2,5.0,455.0,https://www.realestate.com.au/property/71-pitt-street-parramatta-nsw-2150/,2025,https://www.domain.com.au/sold-listings/parramatta-nsw-2150/house/,2026-09-18
BLACKTOWN,40 Stephen Street,1350000,5,3,3.0,338.0,https://www.realestate.com.au/property/40-stephen-street-blacktown-nsw-2148/,2026,https://www.domain.com.au/sold-listings/blacktown-nsw-2148/house/,2026-09-18
BLACKTOWN,4 &4 A Joseph Street,1340000,5,2,5.0,713.0,https://www.realestate.com.au/property/4-and4-a-joseph-street-blacktown-nsw-2148/,2026,https://www.domain.com.au/sold-listings/blacktown-nsw-2148/house/,2026-09-18
BLACKTOWN,42 Burke Street,1260000,5,3,6.0,,https://www.realestate.com.au/property/42-burke-street-blacktown-nsw-2148/,2026,https://www.domain.com.au/sold-listings/blacktown-nsw-2148/house/,2026-09-18
BLACKTOWN,9 Cardiff Street,1089000,5,2,2.0,556.0,https://www.realestate.com.au/property/9-cardiff-street-blacktown-nsw-2148/,2026,https://www.domain.com.au/sold-listings/blacktown-nsw-2148/house/,2026-09-18
BLACKTOWN,52 Balmoral Street,1300000,4,1,1.0,696.0,https://www.realestate.com.au/property/52-balmoral-street-blacktown-nsw-2148/,2026,https://www.domain.com.au/sold-listings/blacktown-nsw-2148/house/,2026-09-18
BLACKTOWN,9 Kirkman Road,1070000,4,1,2.0,638.0,https://www.realestate.com.au/property/9-kirkman-road-blacktown-nsw-2148/,2026,https://www.domain.com.au/sold-listings/blacktown-nsw-2148/house/,2026-09-18
BLACKTOWN,17 Carinya Street,1600000,3,1,1.0,1182.0,https://www.realestate.com.au/property/17-carinya-street-blacktown-nsw-2148/,2026,https://www.domain.com.au/sold-listings/blacktown-nsw-2148/house/,2026-09-18
BLACKTOWN,38-38A Burrell Parade,1480000,5,3,4.0,563.0,https://www.realestate.com.au/property/38-38a-burrell-parade-blacktown-nsw-2148/,2026,https://www.domain.com.au/sold-listings/blacktown-nsw-2148/house/,2026-09-18
BLACKTOWN,39 Burke Street,1500000,5,3,2.0,,https://www.realestate.com.au/property/39-burke-street-blacktown-nsw-2148/,2026,https://www.domain.com.au/sold-listings/blacktown-nsw-2148/house/,2026-09-18
BLACKTOWN,19 Stephen Street,1062500,3,1,1.0,575.0,https://www.realestate.com.au/property/19-stephen-street-blacktown-nsw-2148/,2026,https://www.domain.com.au/sold-listings/blacktown-nsw-2148/house/,2026-09-18
BLACKTOWN,13 Lancaster Street,1900000,7,4,6.0,739.0,https://www.realestate.com.au/property/13-lancaster-street-blacktown-nsw-2148/,2026,https://www.domain.com.au/sold-listings/blacktown-nsw-2148/house/,2026-09-18
BLACKTOWN,6 Garden Street,1235000,4,2,6.0,556.0,https://www.realestate.com.au/property/6-garden-street-blacktown-nsw-2148/,2026,https://www.domain.com.au/sold-listings/blacktown-nsw-2148/house/,2026-09-18
BLACKTOWN,41 Dagmar Crescent,880000,3,1,2.0,569.0,https://www.realestate.com.au/property/41-dagmar-crescent-blacktown-nsw-2148/,2026,https://www.domain.com.au/sold-listings/blacktown-nsw-2148/house/,2026-09-18
BLACKTOWN,94 Lancelot Street,950000,3,1,1.0,562.0,https://www.realestate.com.au/property/94-lancelot-street-blacktown-nsw-2148/,2026,https://www.domain.com.au/sold-listings/blacktown-nsw-2148/house/,2026-09-18
BLACKTOWN,41 Anthony Street,910000,3,1,1.0,,https://www.realestate.com.au/property/41-anthony-street-blacktown-nsw-2148/,2026,https://www.domain.com.au/sold-listings/blacktown-nsw-2148/house/,2026-09-18
BLACKTOWN,45 & 45a Dina Beth Avenue,1250000,5,2,4.0,,https://www.realestate.com.au/property/45-and-45a-dina-beth-avenue-blacktown-nsw-2148/,2026,https://www.domain.com.au/sold-listings/blacktown-nsw-2148/house/,2026-09-18
BLACKTOWN,28 Eggleton Street,1263000,3,1,2.0,866.0,https://www.realestate.com.au/property/28-eggleton-street-blacktown-nsw-2148/,2026,https://www.domain.com.au/sold-listings/blacktown-nsw-2148/house/,2026-09-18
BLACKTOWN,12 Glamorgan Street,1030000,3,1,1.0,556.0,https://www.realestate.com.au/property/12-glamorgan-street-blacktown-nsw-2148/,2026,https://www.domain.com.au/sold-listings/blacktown-nsw-2148/house/,2026-09-18
BLACKTOWN,41 Burrell Parade,960000,3,1,2.0,556.0,https://www.realestate.com.au/property/41-burrell-parade-blacktown-nsw-2148/,2026,https://www.domain.com.au/sold-listings/blacktown-nsw-2148/house/,2026-09-18
BLACKTOWN,57 Walters Road,1221000,3,1,1.0,835.0,https://www.realestate.com.au/property/57-walters-road-blacktown-nsw-2148/,2026,https://www.domain.com.au/sold-listings/blacktown-nsw-2148/house/,2026-09-18
BLACKTOWN,3 Bridge View Street,1200000,5,2,2.0,803.0,https://www.realestate.com.au/property/3-bridge-view-street-blacktown-nsw-2148/,2026,https://www.domain.com.au/sold-listings/blacktown-nsw-2148/house/,2026-09-18
BLACKTOWN,25 Virginia Street,1120000,4,1,3.0,,https://www.realestate.com.au/property/25-virginia-street-blacktown-nsw-2148/,2026,https://www.domain.com.au/sold-listings/blacktown-nsw-2148/house/,2026-09-18
BLACKTOWN,42 William Street,1010000,3,1,3.0,556.0,https://www.realestate.com.au/property/42-william-street-blacktown-nsw-2148/,2026,https://www.domain.com.au/sold-listings/blacktown-nsw-2148/house/,2026-09-18
BLACKTOWN,84 Peter Street,1205000,2,1,1.0,695.0,https://www.realestate.com.au/property/84-peter-street-blacktown-nsw-2148/,2026,https://www.domain.com.au/sold-listings/blacktown-nsw-2148/house/,2026-09-18
BLACKTOWN,11 Matthew Crescent,1175000,4,1,3.0,588.0,https://www.realestate.com.au/property/11-matthew-crescent-blacktown-nsw-2148/,2026,https://www.domain.com.au/sold-listings/blacktown-nsw-2148/house/,2026-09-18
BLACKTOWN,32 Hilltop Avenue,1060000,3,1,3.0,556.4,https://www.realestate.com.au/property/32-hilltop-avenue-blacktown-nsw-2148/,2026,https://www.domain.com.au/sold-listings/blacktown-nsw-2148/house/,2026-09-18
BLACKTOWN,70 Lock Street,1042000,3,2,3.0,569.1,https://www.realestate.com.au/property/70-lock-street-blacktown-nsw-2148/,2026,https://www.domain.com.au/sold-listings/blacktown-nsw-2148/house/,2026-09-18
BLACKTOWN,24 Kurrajong Crescent,1300000,5,2,1.0,556.4,https://www.realestate.com.au/property/24-kurrajong-crescent-blacktown-nsw-2148/,2026,https://www.domain.com.au/sold-listings/blacktown-nsw-2148/house/,2026-09-18
BLACKTOWN,5 Sullivan Street,1240000,4,3,2.0,562.8,https://www.realestate.com.au/property/5-sullivan-street-blacktown-nsw-2148/,2026,https://www.domain.com.au/sold-listings/blacktown-nsw-2148/house/,2026-09-18
BLACKTOWN,69 Reservoir Road,925000,4,4,2.0,501.0,https://www.realestate.com.au/property/69-reservoir-road-blacktown-nsw-2148/,2025,https://www.domain.com.au/sold-listings/blacktown-nsw-2148/house/,2026-09-18
BLACKTOWN,120 Richmond Road,930000,3,1,1.0,570.0,https://www.realestate.com.au/property/120-richmond-road-blacktown-nsw-2148/,2025,https://www.domain.com.au/sold-listings/blacktown-nsw-2148/house/,2026-09-18
BLACKTOWN,7 Anne Street,950000,3,1,1.0,556.4,https://www.realestate.com.au/property/7-anne-street-blacktown-nsw-2148/,2025,https://www.domain.com.au/sold-listings/blacktown-nsw-2148/house/,2026-09-18
BLACKTOWN,16 Burdett Crescent,899000,3,1,1.0,562.0,https://www.realestate.com.au/property/16-burdett-crescent-blacktown-nsw-2148/,2025,https://www.domain.com.au/sold-listings/blacktown-nsw-2148/house/,2026-09-18
BLACKTOWN,180 Richmond Road,916000,2,1,1.0,554.0,https://www.realestate.com.au/property/180-richmond-road-blacktown-nsw-2148/,2025,https://www.domain.com.au/sold-listings/blacktown-nsw-2148/house/,2026-09-18
BLACKTOWN,24 Fullam Road,905000,4,2,1.0,554.0,https://www.realestate.com.au/property/24-fullam-road-blacktown-nsw-2148/,2025,https://www.domain.com.au/sold-listings/blacktown-nsw-2148/house/,2026-09-18
BLACKTOWN,167 Kildare Road,899000,3,1,2.0,556.0,https://www.realestate.com.au/property/167-kildare-road-blacktown-nsw-2148/,2025,https://www.domain.com.au/sold-listings/blacktown-nsw-2148/house/,2026-09-18
MOSMAN,5 Botanic Road,8700000,4,3,2.0,,https://www.realestate.com.au/property/5-botanic-road-mosman-nsw-2088/,2026,https://www.domain.com.au/sold-listings/mosman-nsw-2088/house/,2026-09-18
MOSMAN,105 Holt Avenue,3550000,4,3,,,https://www.realestate.com.au/property/105-holt-avenue-mosman-nsw-2088/,2026,https://www.domain.com.au/sold-listings/mosman-nsw-2088/house/,2026-09-18
MOSMAN,96 Glover Street,3390000,4,3,2.0,379.0,https://www.realestate.com.au/property/96-glover-street-mosman-nsw-2088/,2026,https://www.domain.com.au/sold-listings/mosman-nsw-2088/house/,2026-09-18
MOSMAN,14 Erith Street,5300000,4,3,1.0,613.0,https://www.realestate.com.au/property/14-erith-street-mosman-nsw-2088/,2026,https://www.domain.com.au/sold-listings/mosman-nsw-2088/house/,2026-09-18
MOSMAN,130 Cowles Road,4200000,5,2,1.0,,https://www.realestate.com.au/property/130-cowles-road-mosman-nsw-2088/,2026,https://www.domain.com.au/sold-listings/mosman-nsw-2088/house/,2026-09-18
MOSMAN,34 Rickard Avenue,9000000,7,3,2.0,,https://www.realestate.com.au/property/34-rickard-avenue-mosman-nsw-2088/,2026,https://www.domain.com.au/sold-listings/mosman-nsw-2088/house/,2026-09-18
MOSMAN,10 Cyprian Street,8500000,4,3,2.0,556.4,https://www.realestate.com.au/property/10-cyprian-street-mosman-nsw-2088/,2026,https://www.domain.com.au/sold-listings/mosman-nsw-2088/house/,2026-09-18
MOSMAN,29 Pearl Bay Avenue,7198000,4,3,3.0,,https://www.realestate.com.au/property/29-pearl-bay-avenue-mosman-nsw-2088/,2026,https://www.domain.com.au/sold-listings/mosman-nsw-2088/house/,2026-09-18
MOSMAN,53 Clanalpine Street,7700000,5,5,4.0,511.0,https://www.realestate.com.au/property/53-clanalpine-street-mosman-nsw-2088/,2026,https://www.domain.com.au/sold-listings/mosman-nsw-2088/house/,2026-09-18
MOSMAN,16 Bay Street,7350000,5,4,3.0,806.0,https://www.realestate.com.au/property/16-bay-street-mosman-nsw-2088/,2025,https://www.domain.com.au/sold-listings/mosman-nsw-2088/house/,2026-09-18
MOSMAN,3 Kahibah Road,7100000,5,2,2.0,524.8,https://www.realestate.com.au/property/3-kahibah-road-mosman-nsw-2088/,2025,https://www.domain.com.au/sold-listings/mosman-nsw-2088/house/,2026-09-18
MOSMAN,19 Clanalpine Street,7100000,3,1,,,https://www.realestate.com.au/property/19-clanalpine-street-mosman-nsw-2088/,2025,https://www.domain.com.au/sold-listings/mosman-nsw-2088/house/,2026-09-18
MOSMAN,2J Middle Head Road,7450000,4,3,2.0,,https://www.realestate.com.au/property/2j-middle-head-road-mosman-nsw-2088/,2024,https://www.domain.com.au/sold-listings/mosman-nsw-2088/house/,2026-09-18
MOSMAN,89 Bay Street,7600000,5,2,1.0,,https://www.realestate.com.au/property/89-bay-street-mosman-nsw-2088/,2024,https://www.domain.com.au/sold-listings/mosman-nsw-2088/house/,2026-09-18
MOSMAN,234 Raglan Street,7850000,3,2,3.0,595.0,https://www.realestate.com.au/property/234-raglan-street-mosman-nsw-2088/,2024,https://www.domain.com.au/sold-listings/mosman-nsw-2088/house/,2026-09-18
MOSMAN,32 Congewoi Road,7400000,5,2,2.0,,https://www.realestate.com.au/property/32-congewoi-road-mosman-nsw-2088/,2024,https://www.domain.com.au/sold-listings/mosman-nsw-2088/house/,2026-09-18
MOSMAN,8 Botanic Road,7200000,5,3,2.0,,https://www.realestate.com.au/property/8-botanic-road-mosman-nsw-2088/,2024,https://www.domain.com.au/sold-listings/mosman-nsw-2088/house/,2026-09-18
MOSMAN,6 Lavoni Street,11550000,7,4,3.0,715.0,https://www.realestate.com.au/property/6-lavoni-street-mosman-nsw-2088/,2025,https://www.domain.com.au/sold-listings/mosman-nsw-2088/house/,2026-09-18
MOSMAN,30 Beauty Point Road,11000000,5,5,3.0,879.0,https://www.realestate.com.au/property/30-beauty-point-road-mosman-nsw-2088/,2025,https://www.domain.com.au/sold-listings/mosman-nsw-2088/house/,2026-09-18
MOSMAN,7 Cross Street,10100000,6,3,2.0,695.6,https://www.realestate.com.au/property/7-cross-street-mosman-nsw-2088/,2025,https://www.domain.com.au/sold-listings/mosman-nsw-2088/house/,2026-09-18
MOSMAN,5 The Grove,11360000,4,3,4.0,660.0,https://www.realestate.com.au/property/5-the-grove-mosman-nsw-2088/,2025,https://www.domain.com.au/sold-listings/mosman-nsw-2088/house/,2026-09-18
MOSMAN,67 Raglan Street,9650000,5,3,2.0,904.0,https://www.realestate.com.au/property/67-raglan-street-mosman-nsw-2088/,2025,https://www.domain.com.au/sold-listings/mosman-nsw-2088/house/,2026-09-18
MOSMAN,217 Raglan Street,9150000,6,3,3.0,660.0,https://www.realestate.com.au/property/217-raglan-street-mosman-nsw-2088/,2025,https://www.domain.com.au/sold-listings/mosman-nsw-2088/house/,2026-09-18
MOSMAN,2 Edwards Bay Road,12400000,4,5,2.0,,https://www.realestate.com.au/property/2-edwards-bay-road-mosman-nsw-2088/,2025,https://www.domain.com.au/sold-listings/mosman-nsw-2088/house/,2026-09-18
MOSMAN,99 Muston Street,14600000,5,4,4.0,683.0,https://www.realestate.com.au/property/99-muston-street-mosman-nsw-2088/,2025,https://www.domain.com.au/sold-listings/mosman-nsw-2088/house/,2026-09-18
MOSMAN,6 Delecta Avenue,8732500,5,4,2.0,638.0,https://www.realestate.com.au/property/6-delecta-avenue-mosman-nsw-2088/,2024,https://www.domain.com.au/sold-listings/mosman-nsw-2088/house/,2026-09-18
MOSMAN,18 Beauty Point Road,9550000,4,3,2.0,,https://www.realestate.com.au/property/18-beauty-point-road-mosman-nsw-2088/,2024,https://www.domain.com.au/sold-listings/mosman-nsw-2088/house/,2026-09-18
MOSMAN,15 Silex Road,8375000,5,3,2.0,923.0,https://www.realestate.com.au/property/15-silex-road-mosman-nsw-2088/,2024,https://www.domain.com.au/sold-listings/mosman-nsw-2088/house/,2026-09-18
MOSMAN,34 Harbour Street,3400000,4,1,1.0,,https://www.realestate.com.au/property/34-harbour-street-mosman-nsw-2088/,2025,https://www.domain.com.au/sold-listings/mosman-nsw-2088/house/,2026-09-18
MOSMAN,27 Prince Street,3600000,3,1,1.0,300.0,https://www.realestate.com.au/property/27-prince-street-mosman-nsw-2088/,2025,https://www.domain.com.au/sold-listings/mosman-nsw-2088/house/,2026-09-18
MOSMAN,3 Want Street,3325000,4,1,,,https://www.realestate.com.au/property/3-want-street-mosman-nsw-2088/,2025,https://www.domain.com.au/sold-listings/mosman-nsw-2088/house/,2026-09-18
MOSMAN,46 Royalist Road,5700000,5,3,2.0,468.0,https://www.realestate.com.au/property/46-royalist-road-mosman-nsw-2088/,2025,https://www.domain.com.au/sold-listings/mosman-nsw-2088/house/,2026-09-18
MOSMAN,49 Rangers Avenue,4800000,5,3,2.0,451.0,https://www.realestate.com.au/property/49-rangers-avenue-mosman-nsw-2088/,2025,https://www.domain.com.au/sold-listings/mosman-nsw-2088/house/,2026-09-18
MOSMAN,25 Boyle Street,6000000,5,3,2.0,,https://www.realestate.com.au/property/25-boyle-street-mosman-nsw-2088/,2025,https://www.domain.com.au/sold-listings/mosman-nsw-2088/house/,2026-09-18
MOSMAN,26 Ida Avenue,6420000,5,3,2.0,,https://www.realestate.com.au/property/26-ida-avenue-mosman-nsw-2088/,2025,https://www.domain.com.au/sold-listings/mosman-nsw-2088/house/,2026-09-18
MOSMAN,37 Bond Street,3820000,4,3,2.0,349.0,https://www.realestate.com.au/property/37-bond-street-mosman-nsw-2088/,2025,https://www.domain.com.au/sold-listings/mosman-nsw-2088/house/,2026-09-18
MOSMAN,106 Avenue Road,3550000,4,3,,,https://www.realestate.com.au/property/106-avenue-road-mosman-nsw-2088/,2025,https://www.domain.com.au/sold-listings/mosman-nsw-2088/house/,2026-09-18
MOSMAN,110 Awaba Street,5230000,5,4,1.0,479.1,https://www.realestate.com.au/property/110-awaba-street-mosman-nsw-2088/,2025,https://www.domain.com.au/sold-listings/mosman-nsw-2088/house/,2026-09-18
MOSMAN,35 Lang Street,5250000,5,3,1.0,468.0,https://www.realestate.com.au/property/35-lang-street-mosman-nsw-2088/,2025,https://www.domain.com.au/sold-listings/mosman-nsw-2088/house/,2026-09-18
MOSMAN,26 Vista Street,4320000,4,2,1.0,321.0,https://www.realestate.com.au/property/26-vista-street-mosman-nsw-2088/,2025,https://www.domain.com.au/sold-listings/mosman-nsw-2088/house/,2026-09-18
MOSMAN,56 Spencer Road,3850000,4,3,,,https://www.realestate.com.au/property/56-spencer-road-mosman-nsw-2088/,2025,https://www.domain.com.au/sold-listings/mosman-nsw-2088/house/,2026-09-18
MOSMAN,94A Raglan Street,3700000,3,2,1.0,,https://www.realestate.com.au/property/94a-raglan-street-mosman-nsw-2088/,2025,https://www.domain.com.au/sold-listings/mosman-nsw-2088/house/,2026-09-18
MOSMAN,200 Spit Road,3350000,3,1,2.0,505.0,https://www.realestate.com.au/property/200-spit-road-mosman-nsw-2088/,2026,https://www.domain.com.au/sold-listings/mosman-nsw-2088/house/,2026-09-18
MOSMAN,14 Calypso Avenue,4820000,4,2,2.0,,https://www.realestate.com.au/property/14-calypso-avenue-mosman-nsw-2088/,2026,https://www.domain.com.au/sold-listings/mosman-nsw-2088/house/,2026-09-18
